CAGAAAGACCGAGTTGCCGAGCCCC,1660256
GTTGCCAGGAAAAACGTGAATTATA,1814608
GCAAGCAGTCCAGAGACAATAGATC,4313314
GAACCGGCACGCCGTTCGGACCCTC,4720411
GTGGTCTGCCGTATCGGTTTCGTGG,4809895
CCTTCATCGTCGGCAGCATTCAGAG,5093796
ATGACTGGTGCTGACTCGATGGTGA,5750553
ATTAAGCTATAATTCGGAGCAAGGG,6006272
GCAGCCCAATCGGAAGTTACAGACC,6610946
GACCATGCGTGGCCGGCGAATTCCC,9037774
AAGGGCACATGTTTCTTGGAGTCAA,9978913
AATCAGAATAACGTGCTGATAGACC,11118875
TGTTGTAACCTAATGAATCCTTGGG,11849003
GGTGAAGAACTGTGTATCCTAAGAT,11894698
TAATATCGTTCCGTTAACCTCTTCT,12111973
TGCCAATGGTAAGACCATATTGGCG,15933506
GGTGTGTGAGCCTCATCTGCCGTCG,18164577
GAAGCTATGCCGGGGCGTACCGAAC,18466792
ATAGAGGCAATTGTGGTAGGTGGAC,19773943
GTGATACGCCTTCGAAAGGCGCAGG,20068868
CATAACCTGTTTATGGACACCCGGA,20500114
CCCGGACGCTTCACAGAGGAGTTGT,21751737
CACCCCACCTAGGACCGGTAGGGTG,23508812
GAGGATCCAGCTATGGCGCTTCTCT,23768770
GCACCGCCATGGAGTATATAGGGGT,24032951
TCCCAATTGAAGGGAGTTCTGCTGT,24804365
TTTTTAGGCTTGGCCACTTCAAGTA,28053353
GAGTCTGCAATTTGAGGCGGAAGGA,28333099
TTTCGAACTGGCAATAAGGAATCAA,29530039
TGACGGCGAAACGAGTCACACTCCG,29795461
TGCTATCCGAGGGAAGGCAAATGTC,34435100
AGCTGATCAAATTTAAAGTTCAAGA,35067759
CATCCCGTTGACAAGAGCTGATGGT,35112626
GCGCCTCCTTGAGAGATACATTCCC,35917386
ATGATTGAACTTGATACGGACAACA,36306272
GCGTGAAATAATGTGGGTTAACTAA,36365447
GCTGTCCTAGTTCCGAAGTACAAAA,36675601
TGCTTGAACTCCGGTTAGTTAGGCA,37349347
ACCAGACGCTGTGAGTCTTAACGTA,38421785
CACCACACACGTGTAGCACTCCCAA,39046349
CTGGTTCTCGGAACAGCCGGTTAAA,39143733
TAGACTCACATAGACCTCTAATAAG,40252037
GGACTTGCTCAACATGTTCTCTGTT,40719044
CAGTAGAAGGCTGGGACTTACCCTC,41129235
GCCGACCGCAAAAAGGCCCGTCAGG,41814626
TCAAGCACGAACGTGTGAAGTCGAG,41817721
TGGTGATACGAGGTGGCTTGGCGTG,42032000
ACTCACTACCTGCATCTAAGAACGT,42118883
GTCTAGATAATCACGAGTCGTTCAA,45703846
TCTGGTCTGTTCAATGCGACACAAT,46488557
CATGTGTGAGCTGTATCAGTACGGC,47742629
TAACTTCAGTTGTTAAGGATTGGCA,48555787
CCATGCTCGGGTCTAATTTACTGGA,50973576
GCAGACATTAGTTCCGATGATGACC,53148225
CGTCGGCGGGCCCTGACCTGACTGT,54733126
CGGCCGTCCGCATACTCTCCCCGAA,55007563
AGGAATTCTTCTACGCGCTCTTCCG,56490111
CAGCGCATCCATACATCCATAGCGG,56840058
ATGCTGCGCATGCACATGGCCCGGT,58109432
CGGGCGTCTACTGCCGCATTCTTGT,59082414
GACCTCATGAGGTAATCGATCTTGA,59522441
CGAACTTACACCGTCCAAACGCTGT,59776989
CTAGGCGGTAACTAACTCGATAATT,60310053
GGGAGGGGGACGCTGTGAAGGGCCT,60632764
CAGGCAAGCAGCTCAGGCGAAACGT,61087285
CGTTCCGTCGGCGCTTCAAGGGTAC,61312263
CACTTGTTCTACATCCCGCTGTATT,61377325
ATGGGCCGTTTGGTGGAACATCCCG,63980620
CCGGGTAGGAACTCGTTAAAGGCGG,64158889
TCGGTCAGAGCGCTGCGCGCCGCTG,64489050
GCCACTATCAATCCGGGTGAAGGAG,64696705
ATGACTTCTAACGCAACATGTCACT,66215691
TCCATATCACTCATCTGGGTTGCTA,66883810
CTCGTCCTATTTGTAATTACCTAAC,66909109
CTCACTCCAAAGGTCGGAGGGGGCG,67628609
ACGGCCGTTTCAAAAAGAAAACTAG,70814886
TTGGCAAACGAGGAACAGAGAATTA,71291556
GCAGATCTAAGATTCCTCTTAGGCC,74292819
TGTGGTACGACCACGACTTTCGAAA,74828328
GGGATCGAGAACAGCAAAATTGCCG,76047211
TGAAGCGAAACCTAAATGTTAATCC,76344969
ACCTGTCGGGGCCCGTGGCCGCCCT,77094074
GCATTAGTTTATGCGCTCCGTGGCA,77305894
TGACTCAGTCAATATGGCACGTAGA,77962161
TTTCTACGTCGACTTGAACGGGCGA,78119901
AAACGTCCCTTGTGCCCCAGTAGCG,79881640
CGTTCACAGCGGCCCCAACTTGGTC,79945662
GAGTTCCCGCTTAAGCTTGAGACCT,83598457
GCCATAATCTCTCTAGAAGGCGAGT,83940683
AGTACCATCTTACTGTAAAGGTGCT,85804453
AATTGACCCTCTCATAAGACAGGCC,87991926
CAATTAGAAGCCCCGTCTCCCTAAA,90535873
TACGTCATTGGGCACACTAGAGACT,92166273
CTATCACCAACCTCAAATTGCTGCT,93304478
GCCGGGGTCCCCTGAAACGGCTGCG,94306180
CGTCGCTAAGACTTCTACGTGAAGC,95046410
CAAAACCCCGGCTCAGAGCGGCTAT,96078266
AATGGCAACTCTGACTCACAGATGG,96976817
TTCCCAGACTTCTAGTTACTTCGAC,97506268
TGAGGATAGATAGAGGAACGTATAG,98090515
GCGCGGGAAGAATCGGCATGCGCTG,98219470
GCCTTGGGTAAGCAGACTCTGATAT,98228960
ATACAGGGGCCGGGAACTTGCAATG,98854046
TGATGGTATAAAATCTGTTCAGAGC,99060537
ATAGTGCCGAAATGATTATCAGGGG,100527399
TGATTTTTGCTGGCCGTTAGGACAT,101809175
CCTGCAGCGCGACTGGGCATGCGAT,101978479
CCACCGCATGGGACCTGCACCATTT,102274806
CGTATGATAATCGGGTCATGCGACC,102282778
TTATCCGTCGAAGCCGCCGAGGTGA,102315867
TGTCGCTTACTAGAGGTCTCGCCCC,102766558
AACAACACCGACTTCCTGCTATGAA,102776866
GGAAAAATTCCACATGCTTCTGCTG,103569283
ATCTGATCGCCGTGCGTTGGCGAGT,104185231
CCACGGCATGCGACCGGGTGCTTAA,104867410
CTGTGCTGTGTGGACCATTGGAGTC,106697740
CCTCTCCGTAGTGTGGTGGGGCTGC,107373265
ATATTTTACGTTTCAGCAGGCGGGT,107759427
TAAGATTTGCTAGTTGAAGAGCGTT,108600365
AATATGTGATATGGGAAATAGTCGC,110300261
GAAGTATATTTTCCGCACGTCCCTA,111399470
GGGGGCAGGGCCGTCCGATGCACTC,111839707
AACTATATTCCACCGTCAAACTTAT,112207491
CCGCTAGGCTGCCTTTGCTTCATAA,112621184
CAAATGTTACTTCCCATCCATCGCC,112716605
CTTTGAGATTAAGCGTTTGACAACA,115661873
CAGATCAGTCTCCCTAGTTGCCCTG,116213911
GATCGCAGGAAGTGATCAGCCCAGG,117187846
TGACATAATGGCATAGTGCTGCCTG,118377158
CATTCCTCATGTATAAGTTTGATTT,120231840
CGTCTGACATTGCAGAACGACGGTC,122228566
GCTGCGTGAAAGAACCTCGGGCGGT,122528933
ACAAACCTTACTTAAGTCTTGACGC,122827348
ATGGAGACTCTCGTGCAAGTTACAC,123633778
GTATGTGATCTTTCGTTTAAAGGAA,125581074
TGTCGTCAGTCTCGGGTTTTGGCAT,125647773
TGACGGACTTCTCAGTCTAGAATTA,126065317
TCACCCAATTACAACAGGACGTATT,126791784
CTAGACCAGTCGCGTGGCGACGCGG,129750202
AATTCGTTCCTATAGGCTCGTGCAA,129758156
GCCGCACATTGATCAACGATTTTGC,130276459
CATTCGGCCTAGTCATTTAGTGGAT,131164421
GAAAAAACCGTAGTTTCGCCCCGGG,131347297
GCCGCTTATATGGGTGACCATAGAC,131614895
TATCTATGTCCTCTTTCTCTAAGGG,134377718
GCTAGTAGGATAAGTGAAGGTATCG,134959945
TGAAATGGAGTTATTTACGGTGTTC,135103347
TCTTACAGTAAATTGGCGCACAGGT,135571096
AGGAGTGGAGGTTCGTCCTCTTTAG,136316664
ACATCTATAGGGAATTGTCGTTCGG,136682960
GCAGCATCTCATGTGGTGTGGAGCA,136733109
GGAGAGTTAACTCAGGAATACGGTA,136894341
TGCGTGACCGGGGTCGTCACAGTTT,137598505
GTGGACAGCGAAGGGGATCCGAGGC,137749396
GCAGAGAAGAACTAACCATGGGTTG,137912500
GCCCCCTTCCACGGCAGGCGTCCAT,138611157
TGATGGTTTCATGTATCCCTGCAGC,138648895
ATTCTGACCCCTTGAAAACAGAAGT,140945344
TGTAACATGATTACGCACGAATTCT,143213787
AGCAGATCATCCAAGCCTCTGATTT,145538587
CCGAACCACGGACTCCGCGAGTGAA,147860136
CAACAGGATCTGACTACTATCAGGT,148143510
TTCAATACAAGTCCAGAGGGGAGAT,149007505
TCACCTCGACTTGCCATCTGGGTAT,149061448
ACTAACTTCGTATCAAAGAAAAGAA,149665371
TCACTACCACTGATAATCGGGCGCG,151575528
GTGGTCACTTAAGCTTGCCCGGCGT,152918006
TAGATAATGATAGAACAGCTGCATT,154824448
TCTGGACGTTATACTGCATGAGTAC,155042033
AGATATGGTCGTAAGAGAGTCAAAC,155854937
TAAAATTCTCGCATAGTAGTCAGGC,156345399
CGGGCGGAACTAGGGTGCGTTCAGC,160381761
GCATGCCCCGTAACGCTATGTCCAC,161833208
ACACCGGCTGAAGTCCGGCAAATCC,163013971
GAGCCAAGGTCCGGGGGCGCTTTTT,165005980
GAACATGGCGTTCTGCAGTCTGTAC,165702494
AGGAGATGTCAGGCGAAGAGGAGTG,168798013
GCGTTCCGGTAACAGGACAATTAAC,169061895
CGCGATTGGACTAGTTGAACTCGCT,169505836
TTGCGTACATGGTGCCCAAATTCGA,170925944
GGCTGGCAACGGGAGTTGACGCGGG,172954043
ACTGCAGGCTTGCACGGTCAGTTCG,173321573
TTGTTAGCCACTCATAAGTCGGTGA,173832034
GCGGGTTTCGATGCTCATTGATGCA,177137244
CTCTTCTCGGATGTGGTTACCGAAA,178569078
AGCTGGACCTTAAATTAACACAGGG,178939043
GGTCCTAGATAATAGGATGTACGAT,180829351
GGGCGGGGAGACGAACTGTTCAACC,181701164
CAACATAGTAGGTATTATGATCGGC,182371921
CTTAGCGGATGTTGTTTGGAGCGAG,183500126
ATGAGGCATCACGGGGACTCGGTGT,183587510
ATAATTAAGAGGAATCTTTCAAAGC,184151631
AACTCGCTGCCCATCGATTGTGGGG,184651343
GTTATATTTTAGTGGTATTGAATGG,184939950
CACTCGTTAAAACTATCTATGAAGT,186300210
CTCTCAGGTCGAGGCGCGTTGCACA,186384216
ATATGGACACAGATCGGACGTCGCA,187297860
TTAGCAAGCAGGTTCATGTATATTG,188228129
TGGACGGAGAACCGCAAGGAATGAC,191152055
AGCCGTTCTGCGGACCCCCAAATTG,193694963
AAATTGCCGGGATGAATAAGGATAC,194683484
TTGGGTTCCCCCAAGCGCGTGCCTG,195466734
CATTTACCCACAATAGTTATTGTCG,195561455
CGGCTGGATGCGTGCCACCTACTCG,197210674
ATCTTGATCTGTTCTTTGAATCTGC,197705995
CACAGCAGCAAATATCTCGTTTCCA,198531186
CTCATTCCAATGGGTAAGATACAAG,200003144
AAAACAACACTGTGGACACAAGCTG,200408000
TTTAAGGATAGTGCGAGTGTTCTAA,200989063
CGTAGACGGGGCTGAAATCGGACAC,201768903
CTCTTACGTTCGGCAATCGGCGGTA,202858751
AATTGATAATCCTCGGTATTGGGCC,203047562
TGTGATATCCGCAGTTTCGGAGAGT,204070400
CCACCGGAATCTATAGCGCAGTCGT,204886447
ATCAGTGCGGATCGAGGCCCCTCCG,205352708
ATGAGGTATTCATATCGACCTTCGA,205377030
TTGACACGGGCACGCGCGATGTGTG,205578919
CGATGTTCGACCGAAAACATAGATC,206219289
TAAAATGTTTAAAATCGCGGATTGC,208529724
TGACCACTGTATCGGCCTAAACCAT,209114108
GGGCTACTTTATTCCTTGAGCTACG,209391706
TCCTCCGCTACTCCTTAAGTAAGTC,211364612
TTTCATATTATTTGCCGAAGAATGA,211873646
CCCTTTCCGTAGTCCCACACCTACC,213968818
AGGCTAATGCCGAGGCCCACGTTAT,216273067
TAGCCTTATTCAGTGTGCGGCCTAC,217789060
GCGGTATTGATGCTCCCGTCTCGAC,221665271
AGAATTAGATGTGAACGGCTCTCAG,224943081
CGGGGCGACTAGAGTTAACAAGCGC,225204444
TTAAGTGACGTAGCTCCCGAAACTC,226389180
CGCTCGTACTCTCCTTAATGTAGGA,226971903
GTTTACCTTAGGTGAGGCTGTGGAA,228836488
ATATAAGGCGGTGTATGAACGTGTC,228914721
GTTCGGCACGTACTCAATCGAAGCG,229106059
ACTCTTCGATTAAACGGACTGGCTG,229184161
ATTGGATTCTTCAGTCATGGGTGTT,231770759
CACAGGGACGTAGTAACTTACTTTG,231789878
CAGAGCACAATTTTAACATGAGGCG,233856121
TAATCGGCAGCACGTTTATTTTTCA,234581803
CAAATCTAATAGGGTGTTCCTGGGT,235471024
ACGGGCCAGCAGCTGTACCCAGGCC,237057091
AGTATTTTTACGGAATGCGTTAGAT,238657337
TTTTCGTTGTACGAGAAACGGCAGC,239901186
TGCTTAAAGCACCAACAAACGGTGA,240172810
AACTACAAACGGCACAAGCAATTGC,240299919
TTCTACTGCTAAACTTGTGTGACTG,241745212
CCCCATCGCATAAACTCACAACGAA,242559288
AAACGATCGAATAGAAGATTGTAGC,243142541
GGGTACGACACCACATAGTTCCCCG,243981731
GTAGAGGTAGTAATACGCCGAGGGA,244481193
ATCTCCTATGTTTTTGAAACAATAC,245484466
AGTAGAAGGTTGACACAAGGTTGTC,248029706
GCCTCAGTAAGCGCCATACCCGTAG,250409198
TGCGGTATTAGTGTGGATTACACTT,252378901
GCAGGCCCGGCACGTCTTTTACGTA,252814196
CCCAGACACGACGAGGTATGCAGAG,254068258
GTAGCTGTTATGACTGAAGTGAAGA,255744475
CACGACCCAGAAGTAGGCCGCATCG,257234932
CCTGAGTTGGTGGAGGGATATCGAC,257636004
TTCCGAAGTTTCTAGCCGTTTGTAC,259106430
ATGGGCGCCAACTATCGCACACGGA,260245005
TGTCGTGTGTAATCATAACATGACG,261477724
GGACATCGGATTAACTTGGAACCCG,262186377
TCCATAAGGGATAGGCTATGGCTCT,262967812
TTCTTATCAGTTCATGGGCCCAGGA,263164715
CGCTAATTAGCGTACCCCTTGCCGG,267672972
TAGGGGCTCACTCTGATCCAAGACC,268913765
CCTCTAGGACTATACCCGAGTCTCC,269286070
ATCACCGGTGGGGCTTGTAGCACGC,270578509
AGGGTGTCTGGTGAATAGCCAAGTC,274496118
GGCAGCTCTGTACGGGGAACTTGGG,274976225
GAGACCCGTGCGGCCATTACTCCTT,275850696
TCACCGGCGTCTGTTCCGTTTGCAC,276896620
CTGGGTACAGGACCTGGACTCGCGT,276946125
GTAAGGGCTGGGGCCCGTATGAAAT,278008609
TTCAACCTGAAGACACTTGTTTGTC,278414341
GACTTGCTAGATTTACACTACTCCT,278873199
GCCACGAGTATAATCCCAACACCTC,279480607
AGAGTTGATCGCGTGGTGAAGATGT,279580523
TTCGTGGCGCACAGAAAGCCGGACT,279688259
ATGAATGCGTCTTCAGGCGTACCAA,279794339
ACACCTGCTACCCGACCAAAGTATG,281415607
CGGACTATACCGTAGTTACAGTGAT,281458446
CTCCATAGCCCACCGGATTTTCAGC,281624396
TCAGGCCTTGACGCGCAAGCAAAAC,282174470
CACTGCAAATACTGGCGTATTTCGT,282304980
CGTGCTGCTAGACCACACGTTCACT,283501898
CTCTAAGTTCTTTAGGCACTCCGGC,283817580
TGTCTTACGTTGTTATCCATAAGGA,285824393
CCGTTTTCATCTATGTATGGATGAC,286076310
TAATGCCGGGAGGTGGATGATGAAA,286691592
AGCCGCTTGCCGTTGGCTTACACGG,287275870
ATTCCCAGGGAATCAAGCACACCCA,287859889
CCATGTTGCCGGCCAGAGGTTGCTT,290042959
CTCCTATCCGACTCCTGGGCCTGAG,290333830
ACAATGTTAAACCTCTTGGGGCGAG,293089259
CGATAGTTTGAGCGATGTTTTCTTG,295388637
ATAGGTCTCTGGAGGCGTCGGTACT,295571710
TGCGTACACGGTAGAGTGAACCGCG,296550926
AAGAGTGGGCCGGGCCTGTATTCTT,298014888
AACTTGGCCTGGCCCACCGGGAAAC,298975106
TCTCAGGTGGAAGGCGGGGGTGGGC,300216791
CGACATCTACCTTTACGCGGTCGCG,300233375
CCCAAAATCGCCAAGAGGAATCCCA,300790769
GCGATCTAGGAGACCACCCAGTCTG,301630457
CGCGCGCAACTCTAGGACCCCGCAA,302497612
TTTTTTGCTGTGACCCTCCCCTATA,303535320
CGAATAGCGTTTGAGGCAGGACTTT,303871637
CAATAGGAGCTCATAAGTCTGAAGT,305460216
GTGTCGTTCCCCCGCGATATTTGAT,306274929
ACGTTAACGCGAACAGTCCGGCATT,307461440
CGTCAAAGGGAATCGAACAACAGAA,309395683
TCGGAGACAGGATAGCAGCATATTT,310097688
CCGGCTCACGAAATCGGGTACAAGG,310409996
AGTTTGAAGGTGCGCTTAAGTTGCA,310729714
CAAGACAAGATTGCCTAACGTCAGG,311354033
ACTGAAGTGTGATTGGATTTCTCCA,315789242
CATCCCGTCCCAATATACAAGGTCC,317201830
GAGGACATCCAGCTCAGAATGTGTA,317861936
TGCCGTCAATTCAATAAAAGAATTC,317974447
ACATTTCGTAGAAGGTCGCTCATGT,321030969
GAGCCCATATTCCGCCTACCGCAGC,321869619
TATTTCAAGCATCGGACCGGCTGTT,322400991
TATCACGTTCATGTTGTGGCCCCGA,323799059
TGTGGACGACGGTTCCGTATACGAG,323981364
ACCGGGCTACGGACGTAACCTTTAT,324988276
TAAGGACATAAGGGGGCAGACTGAA,325643146
TAAGTGCAGAGAACGGCACTGCAGT,327419003
GGGGATTTGGTTAGATAGTCACAGC,329065540
AACATGCCCTGTTTTTCCAGGTCGT,329637894
TTACGATTAACGATTTTTGCCGCTG,330890922
CGGTTCTGACATTCGGCCGCGTTCC,331539337
CATGTCGGTAACGTATCCTAATCAT,331980040
CAAGGATGATCCTCCTCAGGGGCTA,332050647
CTAGCATTTTACTTTTGTCCACTAT,332151556
CGCGGTCTTAATTTGGCCTGCGTTA,333661674
CAACTTGGTTGAACTCCCAAGGTAC,333892594
TAGTGCGCGTATAGTATAGGGTTAG,336061470
CGGAGCCTCATGCAGCCACACAAGG,336477067
GCGACAGGCCGGGGTAGATATGCCG,337172206
TTCTGGCAATGTTATTCCATGGATC,337740593
GGGCGTTGATACATCAGCCAGTCTT,337742306
CAGTCTAGGAAGGCATTGGCACTGC,340464592
TTAAGGCGTCCAATCTCTGTTTGCC,341159647
AGTTCGGAGGGTCCGCCCTGACGAC,341676528
TCATCATTCCAGCCGACGTAACCCG,342815228
GTCCCGCTGTCGAACTTGTGAACAT,342825852
GACCACCTGAAGCCCCAAATCCCAG,345684872
AAGACCGCGGCGAGTGTACTCTCTT,347073489
GTAATGCCGATCTACTTCAAAAATT,348124779
TAGCAGGTTAAATATAATGACCTCC,349002204
AACAAGGTGCCCTTTAAAGGCTTAC,349397136
TGATGTGCAGTCAGGTATAGCGGAA,349634367
AGACTCGATTACCGCCGAGATGCCA,350069929
ATGTACAGAGTGCCCCGTATAGCCC,350693671
CCGGAGGAAGTACAAGGAATAGTTT,350879437
CATAGATAACCATAGATGTCCCCCA,351189386
CATCTCCTCAATTAAAAGAAGGCCA,352013883
TCCGCCCTGCACTTAGGCTACCTCT,352633718
CACGAACTGTGTAGTGCGTAAATTC,355311944
GGTAGGCCTTAAGGTCAAATATAGC,356256407
TATGGGGCTGATCTCTCGCTACTGT,357541805
TAGTGTCGTCGGAGATGACCTGTGC,359117617
AGGGTAGTGGCCCGTGGACATCAGG,359330263
ACAATACGATCAACCAGTAACTTTA,359837064
TATAGGCCAGAAGTCTTATGTCCCG,360196750
TTACGAGACGTCGAACAGATTTCGC,360424311
GAAAACATTTCCGTTTTAAGCATGA,360662181
GGGAATTCAATACTATTTCTACTCA,362139734
TATCAAAGGTACGGGCTTCCCGTAC,362248976
CTTTCTTCCCCAACCGGCGTGCAGT,364089126
TGGGGTCCTTAGGGAGCTATAAATG,367774709
ACCATAATAGCTTCCCAGATTTGCA,367934078
TCGGGACTGACGCGTAGAGTAGTGT,368063372
CCTAGGAAAATTCCCTGTTGCCTTT,368445654
TACGTTTCTCTTTTTTTTTGCCCAT,369800980
TATATTACCGCCTTCCGATAATAGT,369911100
ATCCCGCCGCGTCGTATAACACCCG,371500508
CCCTGCAGCGCAGCTTGTAAACCCG,373018561
CATCGTTACCGTTACAAGTTCTGCA,374240778
GAATACCTCACGCTTTAGACAATAC,374508403
CGGGGTTATACGGTCTCATCCCACT,374977633
TGCTTTCCTCGTTGCATTGCTCCTA,375624455
CGTGCCGAGCATGCAGCTGCGTTTA,375736765
TAAACGATCCGCTCGGTACCGTAGC,375869724
AGTGCAGGGCCGAATACGGGGTCTG,377990943
CGTGCCAAGGCACCGGCAGGGCACT,381604535
GAATAAGCTATAGCTCCCTAATGCA,381736083
CGGCGAGTACTAGCCGGGAGAAGGA,383571723
TTGGGTGGGCACTCATGTGTGTTCT,383653421
CTCACGGAAGAGTACGCAACGGACT,383731879
TAGCTATGCGTTTGCTAACGTCTTG,385526042
AACCCAGGGTAACTGAGGGAGGGCA,386217738
GTTCAAAGAGATATAACGGCAGTTG,386728237
ACGATCCAGCGACCTAAGGATCAAA,387623783
CAGTGTTCTTTGAGTCTCTGAATTA,388406330
ACAGGTCGCGACAACGTATCCCTAA,390169150
CCATCGGGCTAGCCAGTTAGGACTT,391734650
TCCTGCTCGCCACCGTCCCGACATT,392544832
CGGGATTTCCATGGGGCCAAGTCGA,392700687
AGGGCACACCGTCCTCATGGGGGAC,396107804
CGGGTTGAGACGGATTTATTACCTG,397331252
TGAACCAGAGACTTACTCCGGCACT,398994627
GAGTCAAGCTGGGCGTTTTAATGAA,399024716
AGCCATAAAGGGGCACCTTATTTAG,399265143
TGAATATGGACCATCATGTGAAGAC,402115967
GCATTGAGTGGACAGTAGATTCTAA,404337282
CCCTTGGGTCACACTCATGATGCCC,404964267
TGCCAAGTTAGTGCCTTGGCCCAGA,405429907
GTAGAAGGCCGGAAATTTAAAATAC,405489168
TTTTAACTACGGGGTGGTGTCGATC,406711922
TTGGCGTCCATTCGATTGCATTCTC,407805031
TCACGCCCCCTATAAGTGCCGGTGG,408956137
CGGCGGTATATCCGCGAAGATGTCT,410196865
TGAACACTTCTTGACGATTTTTGAC,410634178
AACCACGGAGTCTCTTCAAGGAAGC,411400894
GTTGATTGTTTGTCTGATGTGATGG,411907114
GAGAAATGTAATCGGATTATTAGTG,412999713
GTTGGATTCCGTGACGCGCTGTCCC,413593432
CACTGTCATTAATCTTAGCTGAACT,415364977
AGTAGCCGACTTTGTAGTTGTGGGG,415482275
AGGCACTCTTGTTAACCGAAAAATC,415972927
CGCCGTGTTCTCTCTCGTCCACTAA,417417642
GAGATTTTGATTCTGCCTACCCGCT,418151772
CAATACTCGAGCATTGTATCTTTCG,418481927
CCTTATAACAACAAGAATTCCGATA,418925487
CTCTCGCCGCGACGCACACCTCGTC,418994406
GGTGGTTGAGACGCTCTTTATCCAG,423303442
CAGAAAACGATGTTTCGACTTACTT,423365570
TTGCTTTCGCACCAGTACTGAGGCA,423935146
AAGGCGTTCCTCTGCGTCTGATTCT,425602133
GGCGTCCCCGTCATTCGCCCCTGGC,426301542
GTCCGACGGCTTCCGGTTGTCGCTC,427725469
TGGTCAGCCGATGCGGGAGGTTGGT,428866260
GGCGGCGTAATTACAGCCACTCTGC,429992090
TTATGTCGCGCTATCTTGAGGACCG,433767735
GACCCCTCCCAGGCTAGTTCTTTCT,433948295
AGAAATGTAATTCTCCGCCCCCCTC,434213491
CGCGGGCGTTTGAAAATGCGAGTCG,435119153
GTCGGGGGTGCAGGCGGTTAAACCT,435409779
CTGTCCAGCCCAGAAAGCTTTGAGC,435621212
ATAGTCTATGGCCGATCGGTGACGG,436958231
CGCTTCATAAGACTACGATAGCAAA,438396938
TAGTCACGACTCTGGGTCCAACGTC,438660249
AACTCCTTTACACCAACTAATAAAC,439080061
TACACGACGAGCATGTGAAGCCCTA,439371707
GGAATCGACTCTGAAGCACCAAAGT,439530080
GAGTCCTAATAGCTGAATACGTACA,439692910
GTTGCAAACTTCCGCGGTAGGATGA,441585461
GAAAACACCAATAGCTGCCCCTTTA,441672878
TAAATTCTCTAACGCTGAACTTCAG,443288497
ACCGGTTGGGAGCTGGCCAATAATA,444317912
GGGAATGTGTTCTCCATAACAACGG,444369411
GTGGGACCTCGTCCCGGGAATACGG,445504406
CTAGGGCTCGGCCTACACCCGTGCT,446001769
ACGCTGTAGTCCGCCCTTGTGTACA,446843865
GGCTCAAGTCAATAGGATGCGCGCA,451346694
CTGTTGTATATCTCTTTGATCTGGT,452931892
CTGTCACAGGCTTAAGCTTACGAGC,453442271
GCAGTGATCATGTTCCCCCCCTACC,455791794
AGATTTTAAACCCCTGGTAAATTTG,455893564
CAACGTGGACAAGCAGGATAGTGAT,456275454
GGATAGCTGACTATTATTTCTCTCG,456364691
ATGGCTGGTGTGCAATTATTCCTTT,456379126
TTAACTCAACTCTAGTCCAATGCAA,456762850
AGCAAAAGACAATTACTGGAGTTGA,457193053
TAAAGAGAGTGCAAAACTTGTAAGG,457824831
AAGGAGGATCGCAATTCGAGCAATG,457825967
GCCTGGTTAAAGATTACAGTCACGG,458498159
TTTTGGCCTCTTGCGTGTATTCCTG,458712037
CTAAAGAGAGGATGAGGGACGCCCG,458821643
GACCAATATAGTCATCACTCCATGT,459622601
CCGACCGAACGACGATCTTAGAACG,460381800
CGGGTTCTAATACTGTATATTATAT,461427367
AGAAGAAGGTCCTAGCACCGTGGTC,461659387
CCAAGGTGGTCAGTTCCGGCTCTTC,462264356
TTAACCACCCGATAAGTACCTCTAA,465313416
TTGTGAGACGCAGGTCTTAAGTATC,466037819
TGCGACGCCGGGAGCGACGAGACAA,466133627
CATAAAATGCAGGCCTCCGACTGTC,468301668
CGCGAAAGGCACGTGAGCTCTCCGT,469988894
CTAGGCAGTCTACACCACAGCTTTC,471009111
AAGGCGTTGGTGACCGGCGGGATTG,473246062
AGTCCTTTTTAGGCGCTGATTTCTT,475272579
TTGGGGTTGCAGGACAGCACGAGTT,475330531
GGTGCTAGAGGTTCTGTAATATCAG,478477333
ACTCGCGATGGCAAGCAAAGAGCAA,478904251
GGCGTGCCATTTTGTGGAAGCTTTT,479093712
ATGATAAAATCGAGTCTGGGTATTA,480003368
AGCGTCGAATCTGGAAAGGGCCGAT,481699446
GCAAGTTTGGGGTCAGGAGGCGAAC,484347630
GCGAACGGTATGCAGATATCATTAT,486118378
TTACGACAAGACAATAACTACCAAT,486643182
GACTTGAATAGATGAGGCTAGTCTC,486662299
ATTATTACCAATTTGAGACCCCAAT,486878802
ACCTTACCATGGTCAAATAATCCTA,488565952
GACCCGGGATCGTTGAGGGAAAACA,488581186
TCAAAGTCGATTAACCGTACCGTGG,489097515
GTTATCGGTGTCAGGGAATTGCTAT,489132129
CCTACTTATGAAATCTCAATCCTTT,489513712
AGCGATCGAATAACGTGTTCAAGTG,489593861
TCACGACGTTAGTTCTATCATACCG,490027381
AGCACAGCTGTAATCAGGTTAGATG,490894847
GGATATCCTCTGTCGGATATGCACG,491483273
ACCCTTGAAGTGCTCCAATCGCCAT,493216831
ATGTCACTTTCCGTGGGCCTGTATG,493696706
CAATGTAACAGTGCCATCTCGCTAG,495403473
ATTACACGAGGCCGTAGCGCTAATA,497915618
CCGCCTTCGATAAAAATACGAGTCT,499989279
GCCAGGGCCTCGTTCACATCGTTTC,500100920
CTTTCGAAGTCAACTGCAGCGCCCG,500339905
GGACTTTTGACTCGTCATTTAAAGA,501300829
AGCAACACCATAGAGTCGACACGTT,501310282
GCTACGCACGACCAAGGCAACTTGA,502733416
CATACTGTCAGTCGTTTGTCACAGC,502743638
GATCATCATGCGCCACTCCTCCTTA,503264174
TGGCCAGTCCTGCCTCGTCACGACG,503890478
GAGAAGGAAACCGAGGGACGGATGC,505271098
TACGACATGACCCATCGCTGTTTCC,507377797
GACACAACCATACCAAATTGTACGC,508952074
TGGCGATGTGGAACTAAAGGCGGTG,509599997
GCAAAGGGTCTGTCGTCTTACCCTG,510904026
CATCAGTCCAGAGTCAACGGCGCAG,511562265
GGATCCACCAGACATCCTAACACAT,512895730
CATAATTCCCAGGAAGCAAACTGCG,515253444
TCTCCGGACCGGCCGTGTCACACTG,515597639
CACTGGGCGTCCAGAGTCACCCAGT,516488659
GGGCTTCCGAGCTTACAACCGCACT,517291423
GTCCGCCCCTTGGGACGTCCGCCCT,518974967
AAGCTAGGAGTTCCTCACATTCCTG,519278659
CCTGTTTGGCGACAGCACACCTGCC,519327125
TTCTGTGAGCTTCCAATGTAAAGGC,521183880
ACCGTCAGGAGCGCTAGGACCGAAA,521939526
CACGTGTACTTACGCTAGCGAAAGC,522327707
GTCCTGTAAGGCCCTGAAAGGTACA,523304126
TTTGTTTACAGAACCTCGATTTAAG,525337232
GTGCGCCATCAGTAGGTATCAAAGT,525813014
CGGGTGTATTGTGAAACGTTGTAGA,526400285
GACGTGTGTGTACTGCCCCCATTTA,527838566
TAGAATGCAATCAGACTAGGATGGA,529005850
AGTAGGGTCTGGCGCGTGAATGGTT,532808631
TATTGCTTGGAACTGAGAGGCCGAT,533567173
GTAGGACTTTCTGCTAGTGTTCCCG,534737149
GATTAGGTCCACTAGATAGAAAATT,538134386
AGCTTGAAATGGGGCGATAAGTGCA,539019116
TCTTGAAAGCCGGTGATCTTTTTCT,539877680
GAAGGTCTCAGCTGATGGATATCTC,540006137
TGGTTGTCGAATCACCGTGGGGGAA,540527612
CTCAGCTGTAACCCATTAAAAAGAT,540930150
CTTCGACGAACAGATTAGCCGCCAC,541687193
GATTACTCCTATGTTTCGGTCCGAA,541892834
AGTCAGTTGAGGCCGACCTTTCGAA,543496248
TTTGGACTGAGTATGAGTTTCACAC,544756949
GCCATCAGCAACAGGTATATTCTTA,546914403
CACTTAGCGCGCTCCCGCATCCCAA,547106592
TGCTTCTTTGGGTGCTGCAAACTAA,547758984
GGACCATCCTTATAGGTATCTGTAG,549379259
GCCACCACTTTCAGTATTTCGGCGT,549652499
TGCGCTAGTCTGGTGTTGACGCTTC,549741982
AGCTGGAGGTTCGCCATATGAATAT,550929882
AGCAGGAAAAAGCTTAGCTGTACTG,550954125
AAGGCAATCTTTGGCTGGGGGTTGT,552058314
TGGTCAGATGAGCGGACTGAGAATG,552445932
TGAACACCTACTTGATTGTCTGGAA,555593729
GGAGGACATGCTGCGATCATAGTAC,555996275
GGCCAGCCCTATCGCATATCTGCGT,556846948
GCTGAGCGTATATCGGATTACACTT,557362679
GGTGGTCGATTATGAAAGCAAGTCC,557615300
CAATACTCGGGTCGTTCAGGTTAGA,557616701
ACAAAGTAATCTTTTTGTTTACATA,559045443
TCGTGCTAAAAGTCAGTAAGCGCTG,560291926
TAAACCAGGCTTGGTTGCGCTCTCG,560951787
GCTTATGTTGCAGAGTTAGCCGGCG,561473021
CTCAGATTAGATCGAATAAACGGAT,561866458
CTCGCAGCAGCTTGAATCGCCAGGA,563047080
CAGAATGTTATGCAATTGCCCGTTA,563743569
TGTCCGGTCGCTGGAGTTCCGCGTC,565647814
GGGCGGGTGCGGCGTAGGGGCGGCT,567095648
TGAATAGGATCCGAGGAGATTCTGT,568260325
CGCTTGCCTTTTCAGCGAGGCTAGT,569818766
AATAAGTAAGATTCTTAATCCACGT,569992785
ACGCCTAGGCCGTATATAATTAAAA,570194942
TCATCTTAAGGATTCTCGTCCTCGC,570337084
GAATTAAATCACAAGTTTCAATCAT,570571018
GCGATATCTAATGGATCTTTTCGAG,571047799
GCGTGCTCCTTATTTAATCAGGAGG,573613495
TCAGATGCCTAGGGTCACCCTTTCA,573670771
GTTGTTCCGGTTTACCGAATTCTAT,573786795
TTACATAGCCACCTGGCCGGCTACA,574355213
TGGTCGGGCGCTCGGGGCAGATTAT,574724287
GCCAATTCGGAAGGGCCAAACCTTT,575681995
CGGCAGGCGTAACACTGTAGCGGTG,576785697
GTGGAAGACGCATTCTGGCGAAATA,577695856
TTAAAAGATTGTCAAACACACACGC,579520057
ATCGTCTACGTACATCGAACGCGGA,580030046
CCAAGCCAATTGTTTCCGCGATCAC,580602336
CTTAGGGCCATCACCGCAGCCCTCT,580672656
TGCCGTATGTAGAGAGGTACATAAG,584088245
AGTAATATTAGCTAGTCCGTAGTGT,587521772
TGAGTAGGGCAATCTCGCGTCGATC,588276868
TACTTAAGACGGAACTTGATCGGTG,590049405
CCGTCGACACCCTTTTCGGCCCCCC,593109894
CACTTAGCGACCTACGTGATACAGG,595270968
CACCCAGCATGAATAGTTGTAGCAA,596237786
CGACTCTCGACGCACGGCAGGACAT,596321227
GGCACACTTCAAGTACGTCTAGTTC,596806581
ACCTTCTACCTGGCCCTCCACGTAG,597021517
TGAGTATCCCTATCCATGATCTAGG,599494103
AGCTAAAAGCGTGTAACCCTAACTT,599813885
CGCCTATGGTACTGGCCAACGGCCG,601810646
GAGGATATGTACAACAATGACAGCA,602030624
CCTCCTCATACTCTATGGCCACTTG,602720973
CTGCCTGTACGGAGGTCTCCCGCAT,603031994
CTCTGTTCCGGTTACGGGCCGTGAT,603576400
GTACCGGTCACAATGGCGTTACATA,603633431
CAACAGGAGTAGTGAAGCGCGGACG,605680967
TCTCCGTCTCCACTTTCATTACTAC,606562469
CACAGCGAGGCCTACGATTCGGTTT,606966114
GGCCTCTCCTGTCAGACGGGGCGGA,607570256
CACAAATCTGCTTTTTACCTTGGCC,609143753
GGCTACTAATTCTTGTCCCGCTTAG,609710532
AGGGTACAGATCATGCTCTTACCGG,614860109
TTGCTGGGTTGATCTCAACCTGCGT,615568006
ATAGACTACTGGGTTTATACTGGGG,616290104
GCGGTCACGGCCATTGTTGCCTCCC,617053302
CACGGTGCTGTGGTCCCGCTGATTG,618789563
CTATTTTCGGTGGACCAAAAAAGCG,619241651
TCTTCATATTGGGGGCCATTTATAG,619700504
TACAATCGCAATCCTAGGCACATAA,620314742
CCGTCACATCTACGCTTTTAGAATC,623070211
GTGAGCCTGATGCATATCGCATTAG,623310850
ATATTAAGCGTGCGGATCTTGGTTT,623352309
TTACGCTTTTGTAACGAATGAGCAA,623524646
TGGTCTAGGAGGAAGAGTCTAACTG,623760638
AATGCTGCAAATAATAGATCTTTCC,624547557
TTCGGTGCTTTCGCCTCGTGGAGGG,624977446
TTTTCTCTGGCCCTCGGGTCGCGTA,625879583
AGAGGGATTGATAATACGCTCAGGT,626358022
GCCGGGTATTAGGCGCTTTAAAACC,627246494
TAGAGAAACCCGGTCTCATAATAAT,629596465
ACTAGCAATGCGGCCGGCGGAAATT,631450278
ATCGCTCCACGAAGACCCGAGTTTG,633585096
AGCCCGTCGAAAGGTGCGCCTTTGT,636257624
GAATGGTCGGCAGATATTTTCGATC,636644327
GGAAGTCTACTCCGTGTAGTAGGGC,637768518
CATCGATTTGAATTTCAGTCCGACC,638423413
ATATTTACCTACAAAAATGCCAGTT,639719202
GTGCCACAATAACATAGTGCCCAGA,640439375
TAGATAGCAAGGATTTGCTCGGTTG,641408253
CAAGCTCACTTAATCAAGGGATTGT,643799187
CCGGGATACGTTATGAGAAATAATG,643812824
CAATGCATCAGGTGTCAGAGTGTGC,644860646
AACGTTGAAGCCATCAACATGACTA,646754557
TTGGCGAGAAGTACTAGCAATATGC,647204130
CCGGTTAGGGATTGAGCCAGAGCAA,647391573
TTAGTCATACTATAGGATTTGAATT,650644306
GTCGCCTTTAGATACAACGGGGCCG,651220402
TGTCAAGTTGCCTATTACCGGACCG,652002803
CGGTTTCTCGGGGCTTTGGTATAAC,652703127
TTGAGAGGATGACGCCTACCTGAGT,653394869
GCCTACTCCAATGAACAGTACTGAT,653851757
CCACGTCCCGACACGATTGGTGGAG,656403620
CTGACTACCTTAAGGCCGTCCGCTC,656959955
AAGAGACGCCAGCGCATTACGAGTA,657009397
GTTCGGGGCCCGTAGTAAACGGTAG,657137532
AAAGTTCGTTAGGGGGCCGGAGTCC,658140217
CAGTCCAGTAAGCTATCATGTAACT,661448137
ACTCTCGGTTAACTAATATCGAACC,664514574
TGTTGCGTGATTTTATAGCGGCACA,665561741
ACCCCCCAATGTCGCGCAGGAACGT,666676713
TCTTGCCTCCGTTATATCGATTTGC,668474893
GTTGACTATCAGGCTGACCCTCCCG,668843876
GATTACTCTAAACCGATTGAAATAC,670053998
ACACGCGATTCGCATCCATCTGAAC,670313627
CCGTATAATCCCCGCCAGATGCCGA,670679970
GTAGAATCTCCGCCATCGGAATAGG,671666605
GCAAGATCTGACTCACGGCTAGTCA,671867913
TCCGGGTTTAACCTCCCTGTTACTG,672118540
TCAATTCCCCGCACCGGGCACGACG,673147975
TAGCACAAGCGCACTTGCGGCTCAA,673164511
CCTAGTCAGGTGGATTCCCCCGCTT,674410011
CACCTCCCCTATTTAGCTGGACCGG,674779593
GCTCGATAACCCATTGGTAGGTCCA,675286842
GGTTGGCTAGGTTCTAAATGGAGGA,676155828
ACGAACCGGATAGTACCCTCCTAAT,677241827
AGGTATGGCACGGCGTAGCAGCTAG,679223012
AACTAGCCGTGGGTACCTCTGGCTG,679630909
CACCTGATCGTTGCCGACCGAGGGA,679748752
ATCGTGGACCCGTAACCTCCGAAAA,680584187
ACTGGAATCTGGCGAAGGTTGGCTA,681114935
CATCTACGATTCTGAGGCCGCAGCC,681174570
TAGTAAAGAGCGCATAGAATTGTAA,683227060
AACCTGAACAAAGAGCTCTAGCGAG,683720288
ACAATAAGGCCCTCTTCGGGGAGGC,684131825
CCGGATTTAAATCCCAGGAGGCGTG,684145719
AGGATGCCGGTCTGCCCTTGTTGGC,684421452
AGGGAGGCGTCATTTGCCTCGATTA,684844206
CGTGTATTTGACCGGGAACTATATT,685104192
TTTCGACCGGTCTAGCTTCGAATGA,685837060
ACTTAATTTGACAAGGCTGCAAGCA,687202109
CAGTTCTGTATGGCCGCCTAATTCT,687941645
ATAAATTACGAGTTGAATCTAGGCT,688335076
CGACCGCACCCCTGAGGAGTTTAGT,689494594
TCGTCCCGATGCATCTCCAGACAAA,690206897
ATTAAACTGACTGCTTCGGGTCGCC,690975215
TACATACATGTGGACGTTTCGCCAA,693727153
ACGTCAATGCCAGCTGATGAGGGCC,694065944
CATAGGCGCGAATTGCTTATGGCCG,694236284
TAACTAAACGAAAAGTCCCAACAAA,694846914
AGTCAAATGCGTATGGGTTGGACTG,695975701
GAACTGCCCATATCCTCTTCCACGT,696494669
ATTAGTTGTTACGAGCGTACGCGAA,698775598
ATTGCTGGCTTATCCCAACTTGGCC,699026903
ACCGCGGTGGTAACTGCATACTCGT,699549274
GTTATCGATCGTTTAGTCTGTCTTT,702095033
CTGTGGTACTGATCATGCTGGGTTC,703758481
TCCGTTCGATCGCATTTTGAACCCA,704398569
TTTCTGTTTGGGGTTAGGACAATAC,705594136
AGAGAGGCTCACTCAACGGTTCATC,708522425
GCCAATTTAGGCCTCCCATCGTGGC,709079973
ATACACTCTAGATTTAGGGATAGGC,709601277
AAAGGCCCGGTGTGGCTTTTAGCTG,710542532
CCACAGGTATACCGTTGACGTGGTC,712325291
GATTTAAGATCAAGCACATTATTCA,712594168
CCAGTTCCACAAGTTTGTCCCAGCT,713718814
GTGCCCCAGCCTAACCGGGCCTTTC,713969487
GTACAGAAATCCTGGGCGTCTTAGC,715623081
GCCGACTGAATTTCTGGGTACTGTC,715996598
GTTTATAATGGACATATGTATCCTT,719396779
GAAGGATTCACTCAAAGTAACGACT,722055811
AACAGCAGGCTGTTCTAATCGTATA,722058963
CTTGCCCCCAGCAGATGCAGTCATC,722571863
GTTTGCTCTCACGCTTTTGATTATC,723119986
TGAGTTCCACCGTACAAGAACACTC,723562586
CCTGGGGCTGGGGATCCGGATGACA,724918252
CTCTGTAAGGTAAACGTTATTTCTC,725186329
CTAGCCAGTACTTAGGGCATCGTTG,727567461
GCAGTGTCAGCGATCCCCTCCCTGA,729925030
GACTTGCACCTATCGGGATCACACG,731022175
AAAACTCTGAGCGCAAGCTACGATC,732065213
GCTACCGGTTATCCTGCCAAACGCC,734953037
GACAGGAACTTAGATGAAATTTGAG,736604316
GGGTCCCACGGACCGGATCGGCCTA,738151598
ACTTTGGTCTGGTTGGGGCACTATC,738731260
GTAGGAGTAAGCCATTGCATTCGTC,739431125
TAGCGACCTTGAGGCATCTTCTCCA,741093691
CCGTGGAGGCCTTCACTATCCTGCT,743875366
CCACACTCTTCATGTTTCGCTGTTC,744022433
GAGTCGGATACGATTAGATAAGAGC,744391771
TGTCCCGTGCGGAATGGAACCCGGA,745476610
CATAACGTGTCGCGGCACGCGGCGT,746754927
TCGAGATTTGTGGGCGTCGGCGGCC,747273086
ACTTCCCGTCAACGCGGGACGATGG,747960907
TACGGTCTTCAGGCACCGGCTTCCA,748592472
AGCTAGACATAATTACAGTCACTTA,749366310
AGTATAGACGAAATTGAGGATGCTC,750261421
CGCACTGGAATGGATCCCCAAAATT,750392280
GTAGCCATAAGAAAATTAAGAGGTT,751466304
CAATTATCGTAGAAGCGAGCTAGTA,752906181
GGGGAAGATTGTAAAGTCCTCTCAT,754230738
CGGGATTTTAGCATGGCGGGTCTAG,754582038
TTTATGACGTACTGACTTGAACCCG,756440323
TTGCGTGACGTCTCGACAACATTGT,757593255
ATACTTACGCACTGAAGACCGCCCT,757667665
TGCGTTCCGCCATGTCACTCTTACT,759701064
TAAATACATGGATATGATGATAAGA,760176897
AAGACTCCGGAGAGCTTTCAGAATT,762506939
CCCCCACCATATCTGGTTTGTTCAC,762681859
AAAATCCATCTCTCATGCTGTCCAT,763784347
TCAGTAGATTAGCATTGTACAGGGT,763882800
ACACGAAGAAATTGAGACGCTTAAA,764444981
AATTGAGACGTATGCAGACGTATCA,765620527
TCACATTACCACCCGATCGAAGCGC,765698984
AACTAGGTCATGCAAAGTTAGCAAC,766149857
GAGTTGGAGTACTGGACAACCCACC,766458900
GGTAGCGTTGTAAAAGAGGGCGGCT,767551809
TGGGTTACGTAACTATGGGTGCCAT,767825541
TTGCTAAAATAGACTCCACGATCGC,768778305
TTTGTACGTCGTGCGGTTAGTGAAT,769235808
TTATTACGTGGGAGATGCATCCCAG,771118669
GCCAGAAAACTGTTGCCCTCCCCAT,771300374
GCGTTGCCTGCAGTCGCTGCGGGAT,773137732
GCCAAAGTCAGAGAGCACTCCTGGA,773541770
TGAACCGTGGATTCGTCCCAATGGC,773839634
ACAGTGTAGGCGCTACTGCCTTTCG,774171141
GAGATCTTTAATGGAACCCGATGGC,775138697
ATCAGTCCCTCAACGGAGGGACTTC,777153599
TACGATTTACCGAGATGTCATGAAA,778950994
ACATTCGGTGAGGTAGTTAATAGTC,781677412
GGTATGCAGTTATTCTGAGATCAAT,782155561
GCATCACGAAATGGGCTCGCGGGTG,784061651
TCAAAATGGTTTGCAATATCTCATT,787244173
TGAAGTGACTAGGGACGAGCTATCC,788936996
GGCGGAGAGAGTAAACGAGTAGCTG,789330258
TATTCAGATTATTAAGGACCACGGG,790624995
CGCCACCGCTGAAGCGTTTCTGCTG,791043375
TGTAATGCCAGGCGGACGGCAGTGC,791300271
CATGACTAGGTTTTTGATTCACGTA,791809194
GACAGGCGGTATTGTGCTCACCTTT,791920870
TTTATTGGTGCTAGAGGGCTTTTCT,792419762
AATCGTGACTATGGCGGGCCTGTTG,794852902
GAGTGGGCAGCCCATCGCTGCGCAT,796292677
AGTGGCTATTATGCGGCGGTTATTT,796325261
CACCGATCGGATTATTTCGAGTCCA,797569318
GCCTACCGCTTATTGGGTGCGTGTG,798184070
GACCTAATCCCAGTTCTGGCCTCCC,798205825
TACGAGTTACAGCACTACTCCGGGA,799280373
ACGGGGCTCGGGTGCCATATATCGC,799846743
TATATAGTTCTGCGACGCGCCCAGT,800540924
AACCTATCTTAAGGGATCTCCTTCC,801505439
CGCGACGAACATCTTTCCTGACAGT,801510233
GGGGAGGGAATGTCACCCATCTACT,802507297
AGTGCATCCCTACCATTGCGAATAC,802764788
GCTGGTCCCATCATGACTCCGCACA,803144027
TGTGGAGCCTCAGGACCCCTCAAAC,803899602
AATGCTATCGAACATAAATCTGACT,804118311
GGCTAACACTGGGCCCGAGCCAATC,805455158
GTTACACTGGCAGTACAAACAGCTT,807709793
CTTGAAAGTCGTGTGGCGCATGCCG,808141239
GCCCACAGCCCGGGGTCCCTATGTT,808696223
TCCGCTTGACGACCCTGTGATCTTA,808825306
GGACATACGCTCGTCGGAAAACTGC,809250787
TTTAGAACGTGTTGTCTCAAATGGG,810327831
AGTAGGAATCCATAGGTAAGCGGCT,810946379
ACGTAGCGTTTTGACCAAAGCCCCC,811170592
TGGCCCAAAAGCGGATGTACAAGGA,812288356
ACTCTCAATTCGTATACGCAGAGGC,812934047
TGCGGCTCGGTATAATGGAGATCAC,813795136
AATCGTTCCGTAATAAGGAGGGTAA,815169618
CCACGAGATAACCGTCACGAGAATC,818790350
TCATATCTAGTGCCGAGACAGGATA,819629261
CTCACATCAGACAGTGCTCCAGTAG,821423095
GATCTTCCCTCTATAGGCAAGCCTC,821619738
CGCACGCTCCCTTGTAACAGGATCG,824765834
TGTGGTGGAAATAATAAACCCATCC,825138580
TGAACAATTACCTTAATATTTAGAT,826352157
CGTTCATCGTCATTTACCAACATGG,830801902
GCGAAACGTGATTGTGTCAGGCGGA,831303991
ACACCTCCCAGATCTGAGTTGTCCT,832285643
CCCATTTTTCGATCGTGACGATGGT,833564106
AAACCTTCTTTTTATCTCGCCCACA,833672801
ATTGCGCATCAAGAGTGCCAAAAGC,834779945
CGACACAAACGGTATCTCGTGGTAC,835893876
AAGTCATAGAGTTCACAAACGCTAA,836209789
GATCTGAATCTCAGGCGGATGTTGT,838332216
GTAGTGGGGTAATGATGTGGGGGCA,838521180
CCCAGTACTGGAGGGCTACAGGGCG,840091139
GGCGCATGGCAGTAGAAGGAGACTG,841700889
GCTAGAATGGAGCTGTCCAGACTCG,842524007
GCACGATCCATTGGTCTAGGAACAC,843458260
TATCACGTTAAGGTCCATCTACATT,843563037
TAGAGAATTGGGTAAGACCGCCTGT,845225719
AAAGACTTTAATTCTCGAACGACTG,845589934
ATTCTCCTATATATGCACCCGTGTA,847255698
GCAAAACGCTTATTAATTGAGCGCG,850240495
GTTAATTGGTCCAAAATTGATACAT,851522851
AGTTACTCTTACCCCCAGGAGACGT,851533878
TTGCTTATACGCCGTGTTCTCCGAT,854506950
GCTCGACCGAAGTTAGGTTGCGGAG,856367974
AGCCCCGACTGGAAGAACCCATCCG,856779213
CTGGAGCTTATGCTTCCAGTAGCGA,858542397
CTTATCAGTGATTAGACATGGCAAA,860068179
CTTAGACATAATTCTACTCCCTGCA,861634682
CGCTCAGCGTGCCGTATCTTTTAAG,862077396
TAGCGCCCATCAGGGATTCAGATGA,862288902
TTGGTGCCCTCTCTTGGCCTATTCC,862628223
ATTGGTCTACACCTCACGGCTCACT,863602891
TCGGCGATGAGAGTAGCTGTTATTC,864132913
AAGCATAACGCTCTTGAGGTCGATA,864325161
AATCGGCCGGGGTTGACTGACGGCA,865007201
TCGCTCCGGCATCGCACGACCAACC,867750787
AATCCGCCGGGTACACCCACGTGAG,869416095
GAAATGACTTAGAAAGAGTTGACTT,871403874
GAGTCATGCCATTCCTATAGGGCTC,874156081
GTAATTCTACACCACTGCGGGTATT,874918350
TATAACGGCCGACTGATTGTTACCT,876424357
CCTAGCGGATAAGTTGCAACTTCAC,877193692
AAATCTGTTTTTGATGGCAATGTGA,877766933
CTTGCGAACTGGGCTTTGGCCTGTA,878414854
ATTGAGAGGAATCCGATCACCGATA,879491584
CTGATACCAGCTACAATTCGCGTCG,881400458
GGAGCCGGCCCCGTGTTAGCCAGAC,884475150
AGCATCAGTAGAAATGATGCGTATG,884486158
TAATAAAGATTACCGCGTTGCTCAC,885109743
ACCGGTCTGAGCCCCTTCTCCATCC,886470841
CATCTAGAAAATTACCGTTCTCCTT,886864390
TTGCGCAAGCACGATAATCAGACGA,887105564
GGATCAGGACAGCGGAGGAAATCTA,887979237
GAGGCAGACACCGGTTTTGCTTATA,888122503
AGTACGCCGTGCACACTTGAGGGAT,888247865
GGCTGCACCTAGTACGTGCAGCAGG,888333098
AGGAATATCAGAATATTGAACACCT,889210900
CACGAGCTGGAGACATAGAGGTGAC,891128438
CGATCGGTTTCGATAGGTCGTGCGG,896568197
GTTTTAACGAATGCCCTCTGAATAG,896801688
AGTTTACTATCACATCATAGGGAGT,897136023
CCATCGAGTGTAGTCAGCACTTGGC,897501377
GGCGCTCTGTTGCATCCCAAAAGGC,897765934
GGTGGTTCACTGAATACCCCTTAGC,897788226
ACCTGGCTGTGTACACACTAGTGAA,900415391
AGAACAATGTATAGGAAGTCAGGGA,901157284
GGCATTACTCGATGTTGCGAGAGTT,901349971
TGGGCTGGCGAAGCGGAATAGATCT,901711064
GCGTATCAGATACTAGCCACCTCTC,902456160
TTGTTCCTGTTAAATTAGTTAGGCT,902994425
CTTGAGGAGTGTATTTATTGATCAG,903304936
GAACCGACTTAGAAGTCTTAGTGGA,903547058
ACTAGCCCGGCCAGAAGACCCGCCA,908171594
CGTGAGAGTGATCTTATCATATCTT,908743059
GTCTTTGGATACTTAGGCGCGCTAC,915345347
GTCTTGGGGTCCTGCCAGATTAGGG,916760697
CTTTCCATAGGAACGCAGATCGGGA,917363390
TCACAACGGCGCGAACTCATCATTT,920182961
TATACGAGCTGGTCCTTCATTACAT,921098134
GTTATGCTGGTCTATATCGACGATC,922796712
CTTTTAGCCAGCTGACAATCTAGAC,924161946
TCTCATGAACTAGGGCCGGAGCAGT,931733349
TAAAGGGCAACTACTGTGGAGGGGC,934906764
GCTTGTTGACTCGGCGATGCCGAGC,934991611
CGCCAGATCAAGCATGGCAGCTTAG,935920492
GTACTCATTCCAACTTATGGTATCA,936488377
GACTTCGGGTCAACATCTACTCGAT,937003456
TATTTCGAATCATGATTTCCAGTTA,937104841
TATACGTCCGAACTAGACAATCAGA,937251566
ATTGAGCTAGCAGCGTCGGGTTGTG,938757456
CTGTCCCGTATACATATGGATTGAT,939097972
TACGGGTTCCTCGTCCGGGTAAGGC,940327308
ACTGCTGTCCTTACTGAGGAGGGTG,940526886
GAACTCTCGCCTCTACTACGATTCT,941965264
TATTTGAAAGTGCCCTGAGGCTGGA,942343941
GTCCGGCAGTCACATGTCCTACGCC,943322868
GGAGGATTCTAGTACCGTTGGCTAG,944354722
TAGGGCAATAAGACGGTACCTTGAA,946997622
CCGGTCGTATGTTGTTAGTTCCCAG,947131386
ACTTAGTGTGGGATCGGGTTACCCG,947924373
CGATACTAATTAGACTTGAGCTTGT,948687450
CGATAGCAAGAACAATATGGATCTC,948841581
TTCGGAGGAGCATGGACGCTAGCCA,948993701
TACTACACTATACGGGAACCCGCTA,950276229
CAGCTCCACGGGGCCCAATATGCAT,951115704
GCAACTGGCGTCGCACATTTAGTCC,951539292
CCTGAAGTGGTCCCTGCAAGCTAAT,952408167
GTTGCACTGGTCGACTATCGCGCCA,952512131
GCTATGTTCTCTAGCGATAGTGCTT,953813750
CAGGCTACTATAGCGGAACTAGCCG,955819085
AGGTTAACTATCGTACCTATTCCTG,956223529
CCCAGTACCGTCACCTGTACTTGTC,956537307
ATTGATTACATACCCAGTACAAACC,957205428
TCCGTGCTATCGCAAGCCTATGTCA,958240709
CATATAAGGATTATGGTGAGAAATG,959343005
GTGCGGCTTCCGGTTCTTGTAACAA,959804079
CAGGTTGAGGAACTAAAGTGCGGCA,960709384
CAACCGCCAGCCGGCGACACTGCAC,960916440
ATGGGTTGCAATTCTGTCACAACTG,961327515
GGTCACACACTAGAGTTGAGTTACG,962104039
CGGGCCAAGCGATTACTTGTTGTTG,962279909
ATGCCTGATAGGATCCCGGCCCCTC,962568459
ATGGCAAGGCTGCAGCTGACTTTCA,962754607
ATTACACTGCTGTAACCTGATATTC,963754621
GCGCACCTATGCTTCGGGCGTTGGA,963777657
TACAACACTCCCCGCCAAAATTGTT,967163178
ATGGGGGTGGCTCCCAAATGCCGGC,969621798
GGACTGACTGCGAAAGACGGCCACG,970736192
TCCTCGGCTCACCCATATGCGTGAC,972707015
ACCAACGACTGACTTTCCCCGCTCC,974110143
ACGAGGTCGACCACACGAGTGCGCG,974282288
CATTTGACGAACTCATTCTGTGGTG,975365817
TGTACATGGTTACGCTCTTACGGAT,976927632
GGGTCCGCTCATGGTCCTGAAGAGC,977578425
GAATCGAGTTATAATGCTTTACGCT,977870323
CCTCATATTAACCTTGTTCTGGACC,978515133
CGGCTGTCAGGCAGCAGGGCTAGGG,979897275
AGAAATTGGGTTGCCAGCCAAAAGT,980183030
TAAATATTGAAGTTCGAACCGGTCG,980327781
TAATATAAATTTTTCCTCCGCCCAC,980758160
AGCTCTAGTTGTACTGCTTCTTAAC,981551148
ATCAAATAGGTATCGCCTAGATACA,981839221
CAGCATGACTCCGCCCCACCCCTAC,982039945
AGAGTTAAATGCTTTCTGCAATGCC,983234876
GATCTCGTGGCTGGCTCGAAGTGAC,985011227
TGTCTAACAAGTTGCTCATAACTAA,985026340
CATCCGCGTAGTTAAGGTGTTATGA,985211351
CTCGTGCTAAGCTCCACACGTCTGT,986262775
GGAATACTAAGTGAACGCGTCGCAA,987434771
TAAGCCGTCCTAATTCTCGAGTTGC,988274688
GGTGAGCTCATTAGAAGCCGATTCA,989307718
CGTTTTAACGCATAATTGCGTTCGG,989490882
AAATAACCCGATGGGCCATAATGGC,989958927
CCCTCTGGTACGGCACACTCATCAA,989971902
TATACCAGACGCAAGCTCTCGTGCC,990459073
CGTCGTTCGCGAATTGGAAAGTAGG,990667380
ACTCCGCTACGGTCACTAGTACGTG,991874975
TGCCCCTGCCAAACTTTCATATGCA,993427058
AGGATATTCTGCTACCGTACAGAAA,993731481
GACTGAGCTCATAATAGTGTTCGTT,993836568
GTCGTTCGTGCTCGACTGATTTATC,995361515
GGAGGGATCCAATCAAGGTATTCTA,996031626
CTATACGACGGCAGATTTTGATTAA,997882977
CGGAGGGGACGGTCACAGGCCTGTT,999429225
CGTCACCCCTCAAGTCTCTTTATAA,999458680
